id|created at|tweet
1294419296047833091|2020-08-14 23:43:03|...Steve Bullock is totally against your Second Amendment and just received an F rating from the @NRA. Steve, on the other hand, just received an A+ rating. Vote for Steve Daines. He has always had my Complete and Total Endorsement! #MTSEN https://t.co/Hi75F35DY6
1294419295003451399|2020-08-14 23:43:03|Senator @SteveDaines is doing a tremendous job for the people of Montana! He just helped me pass the Great American Outdoors Act, which protects the Montana way of life. His opponent, Steve Bullock, would be an absolute horror for Montana...
1294419010512211971|2020-08-14 23:41:55|Senator @CoryGardner is doing a terrific job - we just passed his landmark legislation, the Great American Outdoors Act. Strong on our Military, Vets and the Second Amendment, Cory has always had my Complete and Total Endorsement! https://t.co/umtvqqkMFq
1294400686772420609|2020-08-14 22:29:07|The biggest difference between the Presidential Race in 2020 and that of 2016 is the 2016 candidate, Crooked Hillary Clinton, was much smarter and sharper than Slow  Joe, we have even more ENTHUSIASM now, and @FoxNews has become politically correct and no longer the big deal!
1294397381073678339|2020-08-14 22:15:59|I promised YOU I would not take a dime of salary as your President. I donate the entire $400,000! It is my honor to give $100,000 to @NatlParkService to help repair and restore our GREAT National Monuments. So important to our American History! Thank You!! https://t.co/4ETkUZ9yUf
1294388698738569224|2020-08-14 21:41:29|Going up the East River Drive, and fast. THANK YOU NYPD! On November 3rd we‚Äôre bringing you back! #LESM #MAGA https://t.co/dDHbO1f3yI
1294381809875263489|2020-08-14 21:14:06|RT @seanmdav: Today is a great day for those who still believe in the rule of law, and a terrible day for Russian collusion hoaxers who ins‚Ä¶
1294381809791381504|2020-08-14 21:14:06|"RT @SaraCarterDC: #BREAKING and #Developing 

Ex-FBI Lawyer Kevin Clinesmith To Plead Guilty In #Durham Probe 

 https://t.co/T35FgZhY0l"
1294381727398481921|2020-08-14 21:13:46|"RT @ChuckRossDC: Kevin Clinesmith was not a bit player in Crossfire Hurricane. 

*He worked with Strzok to arrange sending an FBI agent int‚Ä¶"
1294381727390011393|2020-08-14 21:13:46|RT @seanmdav: Clinesmith knew after Trump's election that he was in big legal trouble, but that didn't stop him from fabricating evidence w‚Ä¶
1294381711095140352|2020-08-14 21:13:43|RT @catturd2: Clinesmith, In Order to Save Himself, Has Implicated Others on Crossfire Hurricane -- Who Ultimately Hid the Exculpatory Info‚Ä¶
1294378976769695746|2020-08-14 21:02:51|RT @seanmdav: Clinesmith's guilty plea is the beginning of the end of the NeverTrump and Resistance delusion that there was no spying, no c‚Ä¶
1294378779318591488|2020-08-14 21:02:04|RT @seanmdav: Kevin Clinesmith, the corrupt FBI lawyer who deliberately fabricated evidence to justify spying on Page, will plead guilty to‚Ä¶
1294378716064342029|2020-08-14 21:01:48|"RT @MZHemingway: Kevin Clinesmith, reportedly pleading guilty today, was the FBI ""Resistance"" figure who worried at the time of Trump's ele‚Ä¶"
1294378196281024518|2020-08-14 20:59:45|RT @seanmdav: That attorney, Kevin Clinesmith, now faces prison time for deliberately falsifying documents in service of illegal warrants t‚Ä¶
1294378196281024518|2020-08-14 20:59:45|RT @seanmdav: That attorney, Kevin Clinesmith, now faces prison time for deliberately falsifying documents in service of illegal warrants t‚Ä¶
1294378104845209603|2020-08-14 20:59:23|"RT @Jim_Jordan: Kevin Clinesmith:

-Worked for Peter Strzok.
-Deliberately doctored #FISA evidence.
-Bragged about being part of the ‚Äúresis‚Ä¶"
1294378007919042564|2020-08-14 20:59:00|"RT @JudiciaryGOP: #BREAKING: Kevin Clinesmith expected to plead guilty. 

Don‚Äôt forget: Clinesmith texted ‚ÄúViva le resistance,‚Äù shortly aft‚Ä¶"
1294364456370286596|2020-08-14 20:05:09|Just landed in New York to see my brother, Robert. We‚Äôre going for New York on November 3rd. We‚Äôre going to Reduce Taxes, Increase Law Enforcement, and bring it back BIG TIME! #MAGA https://t.co/VIxo7yWyQs
1294351525704163328|2020-08-14 19:13:46|"RT @TrumpWarRoom: ""Today, we honor the brave Native American/First Nations soldiers who served our Nation &amp; played a vital role in America'‚Ä¶"
1294348702987894784|2020-08-14 19:02:33|I am ready to send Rental Assistance payments to hardworking Americans that have been hurt by the ChinaVirus. DEMOCRATS ARE HOLDING THIS UP!
1294346904629805057|2020-08-14 18:55:24|I am ready to send $105B to the states to help open schools safely with additional PPE. DEMOCRATS ARE HOLDING THIS UP!
1294345293824106496|2020-08-14 18:49:00|Great News! https://t.co/eMTwXslvQX
1294326794502524929|2020-08-14 17:35:29|RT @WhiteHouse: LIVE: President @realDonaldTrump holds a news conference https://t.co/jcJvNLJk4Y
1294315658742829058|2020-08-14 16:51:14|https://t.co/FL978fEzzq
1294309521922437120|2020-08-14 16:26:51|I am ready to send more money to States and Local governments to save jobs for Police, Fire Fighters, First Responders, and Teachers. DEMOCRATS ARE HOLDING THIS UP!
1294309253717598213|2020-08-14 16:25:47|I am ready to have @USTreasury and @SBA send additional PPP payments to small businesses that have been hurt by the ChinaVirus. DEMOCRATS ARE HOLDING THIS UP!
1294308655718969345|2020-08-14 16:23:25|I have directed @stevenmnuchin1 to get ready to send direct payments ($3,400 for family of four) to all Americans. DEMOCRATS ARE HOLDING THIS UP!
1294307884055040001|2020-08-14 16:20:21|...Congress should send me H.R.473 ASAP and make this happen! It will INSPIRE all women to continue being bold and brave in achieving their DREAMS!
1294307882524119040|2020-08-14 16:20:20|I have done more for WOMEN than just about any President in HISTORY! As we celebrate the 100th Anniversary of women‚Äôs voting rights, we should build a BEAUTIFUL STATUE in Washington D.C. to honor the many brave women who made this possible for our GREAT COUNTRY...
1294307234017681413|2020-08-14 16:17:46|...The Bob Woodward book will be a FAKE, as always, just as many of the others have been. But, believe it or not, lately I‚Äôve been getting lots of GREAT books!
1294307233094934530|2020-08-14 16:17:46|Everybody does phony books on Donald Trump and Republicans, just like the Fake Dossier, which turned out to be a total fraud perpetrated by Crooked Hillary Clinton and the DNC...
1294271236860764161|2020-08-14 13:54:43|"RT @dcexaminer: Trump: ""Which is easier: dealing with the Democrats or dealing with the Middle East."" 

Mnuchin: ""...I'll be hopeful that w‚Ä¶"
1294270997319888896|2020-08-14 13:53:46|RT @RLHeinrichs: An amazing achievement. A credit to Israel and the UAE and the Trump administration‚Äôs strategy for the ME. The Trump admin‚Ä¶
1294270573011492864|2020-08-14 13:52:05|Vote for TRUMP on November 3rd. I am going to bring our beloved New York back! https://t.co/Xi7yQ45jvy
1294270573011492864|2020-08-14 13:52:05|Vote for TRUMP on November 3rd. I am going to bring our beloved New York back! https://t.co/Xi7yQ45jvy
1294269058238619648|2020-08-14 13:46:04|RT @CharlesHurt: #EqualJusticeUnderLaw https://t.co/bkmlp1mjsA
1294268944887558149|2020-08-14 13:45:37|"RT @AlexMarlow: Rep Jerry Nadler is perhaps the best case for term limits
https://t.co/HFxkhdcgEk"
1294268813194801160|2020-08-14 13:45:06|Fake News will never change! https://t.co/AMX2jzMoXJ
1294264832200515584|2020-08-14 13:29:16|Today, we honor the brave Native American/First Nations soldiers who served our Nation and played a vital role in America's victory in WWII. The Navajo Code was never broken and saved untold American lives. Our country will be forever grateful. Happy Navajo Code Talkers Day!
1294263789043490817|2020-08-14 13:25:08|RT @SPWTalessia: Crunch time #Trump2020 #LeadRight #BlackVoicesForTrump #BuckeyeBattalion #MAGA https://t.co/rN5t8jmHmT
1294263647376756736|2020-08-14 13:24:34|RT @SPWTalessia: Thank you üòòüòòüòò
1294263324058759169|2020-08-14 13:23:17|"RT @RJC: Even more relevant today... 

President @realDonaldTrump is the MOST pro-Israel President in history!
#Israel
#UAE https://t.co/gd‚Ä¶"
1294241469612654597|2020-08-14 11:56:26|RT @realDonaldTrump: The world will be laughing and taking full advantage of the United States if Joe Biden ever became President. Our Coun‚Ä¶
1294241278075469825|2020-08-14 11:55:41|"RT @RichardGrenell: We need a Lion to change Washington, DC. 

@realDonaldTrump https://t.co/l5ErFQ52p1"
1294241086374903810|2020-08-14 11:54:55|RT @Cernovich: Nobel peace prize for Trump!
1294240703913099264|2020-08-14 11:53:24|RT @Cernovich: Other counties know that if Biden is elected, the status quo foreign policy establishment will retake power, and any hope fo‚Ä¶
1294240487218479105|2020-08-14 11:52:32|RT @ChuckRossDC: The hand-wringing over a Barr-Durham October Surprise is pretty rich given all the political damage that the debunked coll‚Ä¶
1294240129020833792|2020-08-14 11:51:07|RT @RichardGrenell: I have agreed to write a regular column for @thehill - there are very few news outlets that strive to be balanced in th‚Ä¶
1294239322384805895|2020-08-14 11:47:54|RT @RRocksss: We are representing Team God
1294239104121606145|2020-08-14 11:47:02|RT @RRocksss: Dear Lord, I ask that you protect Donald Trump as he leads our nation head on against pure evil.. put all his enemies under h‚Ä¶
1294238798944129026|2020-08-14 11:45:50|Thank you Debbie! https://t.co/Mjvp1zQATH
1294238533964554241|2020-08-14 11:44:46|RT @manganello_d: @McKaylaRoseJ I've never in my lifetime seen a president be so disrespected as him. I think most men would have gave up a‚Ä¶
1294238516486995968|2020-08-14 11:44:42|RT @Jakester_1: @McKaylaRoseJ And at the same time the most respected.  Interesting
1294237893557354496|2020-08-14 11:42:14|RT @SaynotoT: @McKaylaRoseJ Disrespected? A billion Indians love him. So do the vast majority of Japanese, Israelis, S Koreans, Filipinos,‚Ä¶
1294237893557354496|2020-08-14 11:42:14|RT @SaynotoT: @McKaylaRoseJ Disrespected? A billion Indians love him. So do the vast majority of Japanese, Israelis, S Koreans, Filipinos,‚Ä¶
1294237653093756930|2020-08-14 11:41:16|Thank you! https://t.co/62wJYhQtSL
1294236514038296577|2020-08-14 11:36:45|RT @KatrinaPierson: On now...
1294236288401498112|2020-08-14 11:35:51|"RT @FordOConnell: Spot on @HeyTammyBruce: 

""Hiding Mr. Biden in a basement has been absurdly accepted by the media. Unable to toss Ms. Har‚Ä¶"
1294236236631220227|2020-08-14 11:35:39|RT @TrumpWarRoom: Phony Kamala Harris said she's interested in packing the Supreme Court by adding four seats for liberal activists https:/‚Ä¶
1294236172605161474|2020-08-14 11:35:23|"RT @GOPChairwoman: Biden and Harris want to raise your taxes, eliminate your health plan, and send your utility bills through the roof. 

T‚Ä¶"
1294236127164014592|2020-08-14 11:35:13|RT @deneenborelli: Seriously? You are shameless @KamalaHarris clearly you will do anything for power. Roll tape. #PhonyKamala #HypocriteHar‚Ä¶
1294236037275774976|2020-08-14 11:34:51|RT @RepLeeZeldin: With a straight face, Biden just said President Trump has been coddling terrorists around the world.üßêAfter Biden advised‚Ä¶
1294235882946428931|2020-08-14 11:34:14|RT @yogagenie: Pro-life groups denounce Biden-Harris as 'most pro-abortion ticket in history' - Washington Times https://t.co/XCv4wKk9Hk
1294235828827361280|2020-08-14 11:34:01|RT @RealDrGina: #Biden‚Äôs Disastrous Week Was a Product of His Own Incompetence https://t.co/AjoW8p5shq
1294235792571863040|2020-08-14 11:33:53|RT @Mike_Pence: We‚Äôve created more jobs in the last 3 months than Joe Biden and Barack Obama created in their 8 years in office. https://t.‚Ä¶
1294235751597694976|2020-08-14 11:33:43|"RT @kidgolferman: The Trump Campaign Just Got Some Head-Turning TERRIFIC NEWS

RNC has registered 100K new voters in the 2020 cycle nearly‚Ä¶"
1294235587931668481|2020-08-14 11:33:04|It was showing signs of future problems, but was so good when I left 4 years ago! https://t.co/uF9T3ztMDd
1294235168471953409|2020-08-14 11:31:24|Thank you James. Sadly, you are 100% correct!!! https://t.co/tk9k4SJxTa
1294234822555119621|2020-08-14 11:30:02|"RT @GOPChairwoman: A Biden-Harris fracking ban would kill MILLIONS of jobs &amp; send energy prices through the roof.

Who would benefit? 

Adv‚Ä¶"
1294234660378157057|2020-08-14 11:29:23|RT @mschlapp: When Kamala Harris says she and Biden have a vision for the country just remember that vision is CA for All:  sanctuary citie‚Ä¶
1294234542199525377|2020-08-14 11:28:55|RT @madisongesiotto: It‚Äôs amazing being in my home state of Ohio touring with Women for Trump as we prepare to #KAG! https://t.co/6Bkhzv3Qjo
1294234382757253120|2020-08-14 11:28:17|RT @realDonaldTrump: The Fake News Media is giving @KamalaHarris a free pass despite her Radical Left failures and very poor run in the Dem‚Ä¶
1294234296526557184|2020-08-14 11:27:56|"RT @BlackVoices4DJT: Phony @KamalaHarris attacked @JoeBiden¬†for racist policies. 

Now they're jointly embracing the radical left.

WATCH üé•‚Ä¶"
1294234251202887680|2020-08-14 11:27:45|"RT @newsmax: On healthcare plans, this analyst says ""Kamala Harris is really Bernie Sanders with a skirt.‚Äù ‚û° https://t.co/aP8sQHV30A https:‚Ä¶"
1294234251202887680|2020-08-14 11:27:45|"RT @newsmax: On healthcare plans, this analyst says ""Kamala Harris is really Bernie Sanders with a skirt.‚Äù ‚û° https://t.co/aP8sQHV30A https:‚Ä¶"
1294234216788615168|2020-08-14 11:27:37|"RT @MichelleMakori: Trump announces 'Historic Peace Agreement' between Israel, UAE
Amazing diplomacy by the Trump administration.
https://t‚Ä¶"
1294234164791779329|2020-08-14 11:27:25|RT @jepence: President Trump promised to bring manufacturing jobs back to places like Erie, Pennsylvania‚Äîand he kept that promise by passin‚Ä¶
1294234106264461312|2020-08-14 11:27:11|RT @TedAbram1: CORRECT: Deneen said Harris ‚Äúis well known as a far-left radical Senator,‚Äù and supports socialist ideas such as the Green Ne‚Ä¶
1294233857814859776|2020-08-14 11:26:12|RT @MichelleMakori: More Sunni Arab states will follow the UAE/ Israel deal. They have had enough of the Palestinians rejecting every peace‚Ä¶
1294233649987149824|2020-08-14 11:25:22|"RT @BlackVoices4DJT: BABIES FOR TRUMP! ‚ù§Ô∏èü§±üèæ

#BlackVoicesforTrump
#Woke https://t.co/wPXU71IYz5"
1294233607175839744|2020-08-14 11:25:12|RT @trish_regan: Why do Harris and Biden invite the press for a press conference if questions aren‚Äôt allowed? #TrishIntel
1294233548199792641|2020-08-14 11:24:58|"RT @TeamTrump: Being Commander in Chief is more than just a job to President Trump.

It‚Äôs a sworn duty to Keep America Safe. https://t.co/r‚Ä¶"
1294233498514055168|2020-08-14 11:24:46|"RT @TrumpWarRoom: HISTORIC: After 49 years, Israel and the United Arab Emirates will fully normalize their diplomatic relations.

This is a‚Ä¶"
1294233466461192192|2020-08-14 11:24:38|RT @HikindDov: Historic indeed and it‚Äôs not under ‚Äúprogressives‚Äù that peace between Israel and its Arab neighbor is being achieved, but bec‚Ä¶
1294232685943062528|2020-08-14 11:21:32|RT @FordOConnell: Bingo...
1294232550114820096|2020-08-14 11:21:00|"RT @FordOConnell: Best news, I have heard all week:

Big 12 to move forward with plans for fall football season

https://t.co/Lfr2UHz20h"
1294232517936132096|2020-08-14 11:20:52|RT @SecretsBedard: 'She didn't even make it to Christmas': @BretBaier rips 'disingenuous' media coverage of Biden selecting Kamala Harris a‚Ä¶
1294232434142314497|2020-08-14 11:20:32|RT @FordOConnell: ‚ÄúDems have shown they are not up to the task to get us to brighter days. Just look at the states and cities run by Democr‚Ä¶
1294136619406995456|2020-08-14 04:59:48|RT @RudyGiuliani: 82% of Americans would see their taxes go up under the Joe Biden tax plan!
1294136585886134272|2020-08-14 04:59:40|RT @RealJamesWoods: For those who thought he actually didn‚Äôt say this alarmingly insane rant, here it is...
1294136340896915457|2020-08-14 04:58:42|RT @buds1008: @KatiePavlich @LindaSuhler Let's get this straight right away Camel Laugh and China Joe will lie, lie, and lie and the media‚Ä¶
1294136186802339841|2020-08-14 04:58:05|RT @buds1008: While Biden plays hide and seek with Camel Laugh, Trump plays 3 dimensional Chess with the Middle East and wins historical de‚Ä¶
1294756093869133824|2020-08-15 22:01:22|RT @WhiteHouse: LIVE: President @realDonaldTrump holds a news conference https://t.co/p8qlTCUsCZ
1294732006920790022|2020-08-15 20:25:40|RT @SteveGuest: Biden staffers rush the press out of the room before Joe Biden can answer any questions https://t.co/AIw3TU4WhF
1294731968056360961|2020-08-15 20:25:30|"RT @rww_gop: ‚ÄúCongress has only itself to blame for this mess.

The post office is meant to be self-sufficient, but it hasn‚Äôt broken even f‚Ä¶"
1294731968056360961|2020-08-15 20:25:30|"RT @rww_gop: ‚ÄúCongress has only itself to blame for this mess.

The post office is meant to be self-sufficient, but it hasn‚Äôt broken even f‚Ä¶"
1294731865459437571|2020-08-15 20:25:06|Voter Scam! https://t.co/BY6SEJfUZh
1294731681455374336|2020-08-15 20:24:22|"RT @SteveGuest: Reality: ‚ÄúEvidence of massive voter fraud in Paterson election, court records show‚Äù

Yet after fraud was found using mail-i‚Ä¶"
1294731591030378497|2020-08-15 20:24:00|The honorable thing to do is drop the Mail-In Scam before it is too late! Absentee Ballots, like they have in Florida, are good! https://t.co/uuVyliWEwS
1294731080264810497|2020-08-15 20:21:59|News Conference at 5:30 P.M. Enjoy!
1294728590773428225|2020-08-15 20:12:05|If Obama did this, they would speak of nothing else. Biden could NEVER do it! https://t.co/1djK42xawI
1294728211499298817|2020-08-15 20:10:35|"RT @MarkBednar: .@GOPLeader: Look at what San Francisco is known for today:

‚Ä¢ Sky-high taxes
‚Ä¢ Sanctuary city
‚Ä¢ Sidewalks people do not ev‚Ä¶"
1294728155064926211|2020-08-15 20:10:21|"RT @SteveGuest: The Post Office‚Äôs Problem Isn‚Äôt Trump

Democrats cry sabotage. But mail volume is way down, and the USPS is losing billions‚Ä¶"
1294728109724401664|2020-08-15 20:10:10|RT @SecretsBedard: Like America: Half of Trump‚Äôs staff are women https://t.co/cRm0dxLiNM https://t.co/rVQnxsJW5a
1294728076597907456|2020-08-15 20:10:03|"RT @SteveGuest: Israel and UAE peace deal is vindication for Trump

https://t.co/wj9EDOCuqW"
1294728043257376771|2020-08-15 20:09:55|Thank you! https://t.co/MmjxbNStq1
1294727959706730498|2020-08-15 20:09:35|Would be terrible for our Country! https://t.co/aVifiIjXXe
1294727720677646336|2020-08-15 20:08:38|RT @KimStrassel: A letter leaked in November 2019 from her veteran Iowa operations manager, resigning, saying she'd ‚Äúnever seen an organiza‚Ä¶
1294727682576580610|2020-08-15 20:08:29|RT @KimStrassel: A SanFran newspaper reporting that Saturday Night Live was mocking her for her ‚Äú ‚Äòviral moments‚Äô desperation.‚Äù
1294727270159069186|2020-08-15 20:06:50|More Fake News! https://t.co/8P2Kax00s7
1294726999982968834|2020-08-15 20:05:46|Fake News! https://t.co/OedkKwkcd0
1294687092237312000|2020-08-15 17:27:11|https://t.co/DuBjypMQJ2
1294686995529240576|2020-08-15 17:26:48|"RT @LizRNC: This is beautiful.

An actual fact check. With just facts.

https://t.co/OQWaPcENfd"
1294658967944265728|2020-08-15 15:35:26|Great work by the Governors of AZ, IA, LA, and NM (@DougDucey @IAGovernor @LouisianaGov &amp; @GovMLG) who responded to my Executive Action and promptly submitted applications, that we APPROVED QUICKLY, to support Americans out of work because of the ChinaVirus. More states to come!
1294612940776185856|2020-08-15 12:32:32|So true, but we won‚Äôt let that happen! https://t.co/0SzrbxyZrC
1294612940776185856|2020-08-15 12:32:32|So true, but we won‚Äôt let that happen! https://t.co/0SzrbxyZrC
1294606669356335111|2020-08-15 12:07:37|"RT @michaelahrens: Dead people voted. https://t.co/lFMDOoC5VY

One woman said eight close relatives/neighbors insist they never received ba‚Ä¶"
1294606614826307584|2020-08-15 12:07:24|"RT @michaelahrens: We are not fabricating these stories.

Countless local news reports detail problems that go largely ignored by national‚Ä¶"
1294601672912703491|2020-08-15 11:47:46|"RT @LizRNC: ""Somebody said to me very early on when I got this assignment, 'You don't lose money betting against success in the Middle East‚Ä¶"
1294601517027201025|2020-08-15 11:47:08|RT @LizRNC: 1 in 5 ballots thrown out, councilmen indicted for fraud, ballots stolen out of mailboxes, Republicans getting ballots with no‚Ä¶
1294601442012139521|2020-08-15 11:46:50|Wow! https://t.co/w81tt85i5Z
1294601307068735488|2020-08-15 11:46:18|The Democrats know the 2020 Election will be a fraudulent mess. Will maybe never know who won! https://t.co/tEWKJ5NcUj
1294599918208847872|2020-08-15 11:40:47|So terrible! https://t.co/dROsgW9bbl
1294599724658458624|2020-08-15 11:40:01|"RT @MZHemingway: The mild headline and ludicrous ""spin"" in subhed--par for  course for all media co-conspirators when forced to admit gov't‚Ä¶"
1294599600549122048|2020-08-15 11:39:31|"RT @LizRNC: President Trump talks about all the things we can do

Joe Biden talks about everything we *can't* do

""It's very defeatist. It'‚Ä¶"
1294598961576239105|2020-08-15 11:36:59|RT @realDonaldTrump: I have done more for WOMEN than just about any President in HISTORY! As we celebrate the 100th Anniversary of women‚Äôs‚Ä¶
1294598608336179201|2020-08-15 11:35:35|"RT @LizRNC: Everyone wins in a Trump-Pence economic BOOM (except swamp Democrats, of course)

The V-Shaped recovery is only possible becaus‚Ä¶"
1294598510885638151|2020-08-15 11:35:12|Very strange. Sleepy Joe never takes questions. Also, his reporters have zero drive. Why can‚Äôt my reporters behave like that? Something is going on! https://t.co/SQAq0KVUqw
1294595896383078400|2020-08-15 11:24:48|"RT @LizRNC: #PromisesMadePromisesKept 

https://t.co/nXr5efcV9W"
1294595814254415872|2020-08-15 11:24:29|Thank you to the great Pat Lynch &amp; the @NYCPBA. I will never let you down! https://t.co/XUKy2bQ70a
1294594891834695680|2020-08-15 11:20:49|RT @LizRNC: I'm not tired of winning yet
1294594852680851457|2020-08-15 11:20:39|"RT @LizRNC: Worship is essential üôè

https://t.co/Npxn73di4u"
1294594598954848256|2020-08-15 11:19:39|RT @realDonaldTrump: Today, it was my great honor to proudly accept the endorsement of the @NYCPBA! I have deeply and profoundly admired th‚Ä¶
1294594026205847552|2020-08-15 11:17:22|"RT @LizRNC: Biden and Harris didn't mention China a single time in their announcement

Meanwhile, President Trump is holding China accounta‚Ä¶"
1294593571165700096|2020-08-15 11:15:34|RT @Bruce_LeVell: I 100% agree with @realDonaldTrump. Mail in ballots would create the biggest voter fraud in our nations history. We can s‚Ä¶
1294593571165700096|2020-08-15 11:15:34|RT @Bruce_LeVell: I 100% agree with @realDonaldTrump. Mail in ballots would create the biggest voter fraud in our nations history. We can s‚Ä¶
1294487623285837824|2020-08-15 04:14:34|We will bring safety to our cities. We will bring hope to our most distressed communities ‚Äî and in everything we do, we will stand in solidarity with the men and women of LAW ENFORCEMENT! Thank you to the @NYCPBA for your endorsement. God Bless the #NYPD, and God Bless America! https://t.co/u86rfizIom
1294483779478786048|2020-08-15 03:59:18|Today, it was my great honor to proudly accept the endorsement of the @NYCPBA! I have deeply and profoundly admired the brave men and women of the #NYPD for my entire life. New York‚Äôs Finest are truly the best of the best ‚Äî I will NEVER let you down! #MAGA https://t.co/o1l5kAx34v
1295068266843582465|2020-08-16 18:41:50|"RT @bennyjohnson: What if people talked like @JOEBIDEN?

Awkward... https://t.co/POpBPnRZSS"
1295067517283598336|2020-08-16 18:38:51|Thank you Franklin! https://t.co/ZwpwcS2k2B
1295067207618244610|2020-08-16 18:37:38|Thank you James! https://t.co/cKiKlAXHqI
1295067052508696576|2020-08-16 18:37:01|RT @EricTrump: Robert Trump was an incredible man - strong, kind and loyal to the core. Anyone who encountered him felt his warmth immediat‚Ä¶
1295066300419538946|2020-08-16 18:34:01|"RT @ChristieC733: I‚Äôm hearing some Republicans, pundits say we should ‚Äúmove on‚Äù from the #MullerReport in order to heal the nation...

I di‚Ä¶"
1295065684788088833|2020-08-16 18:31:35|‚ÄúIf carefully done, according to the guidelines, there is no reason why you shouldn‚Äôt be able to do that (vote at polling place).‚Äù Doctor Anthony Fauci
1295065684788088833|2020-08-16 18:31:35|‚ÄúIf carefully done, according to the guidelines, there is no reason why you shouldn‚Äôt be able to do that (vote at polling place).‚Äù Doctor Anthony Fauci
1295061350637539328|2020-08-16 18:14:21|RT @PVTrump: #TrumpPatriots we have 78 days to UNITE&amp;SUPPORT our AWESOME PRESIDENT @realDonaldTrump to elect him for #4MoreYears We need #K‚Ä¶
1295055174659178501|2020-08-16 17:49:49|RT @IvankaTrump: Uncle Robert, we love you. You are in our hearts and prayers, always.
1295050523742175233|2020-08-16 17:31:20|.@FoxNews is not watchable during weekend afternoons. It is worse than Fake News @CNN. I strongly suggest turning your dial to @OANN. They do a really ‚ÄúFair &amp; Balanced‚Äù job!
1295048179768004611|2020-08-16 17:22:01|"RT @thehill: VP Mike Pence: ""Sen. Kamala Harris said she would change the dietary¬†guidelines of this country to reduce the amount of red me‚Ä¶"
1295046378465497088|2020-08-16 17:14:52|RT @Wyn1745: Thousands of boaters hit the water in Clearwater on Saturday in an effort to set a record for the largest pro-Trump boat parad‚Ä¶
1295044522611802112|2020-08-16 17:07:29|RT @VFL2013: SO PROUD OF MY HOMELAND!!! #HAWAIILIFE üá∫üá∏üççüá∫üá∏üçç
1295040863333212162|2020-08-16 16:52:57|"RT @Pismo_B: Why don‚Äôt you like Trump??

I‚Äôll Wait......ü§£ü§£ü§£ 

Love üëá guy!!

https://t.co/CxB69SaAlH"
1295039756896591872|2020-08-16 16:48:33|RT @RealJamesWoods: His own words on video... #JimCrowJoe  https://t.co/nstkBIkDsz
1295038974436814848|2020-08-16 16:45:26|RT @LATAMforTRUMP: Our sincere condolences to the Trump Family and the First Lady on the sensitive passing of Robert Trump. now you are a s‚Ä¶
1295038610698375168|2020-08-16 16:44:00|"RT @my3monkees: PLEASE listen to this man and RT, share with your BLM woke suburban white girl friends....
https://t.co/ZboftySGak"
1295037654497660930|2020-08-16 16:40:12|"RT @Pismo_B: Good Morning America üá∫üá∏

https://t.co/fYsRHj4AnT"
1295035423794892800|2020-08-16 16:31:20|"RT @No1Trump2020: Nice üëç to see a Black Woman back the Trumpster..

Yes Honey, you are Welcome in this Tent.. !! Keep it going!!"
1295035171914342401|2020-08-16 16:30:20|RT @TeamTrump: TONIGHT: Join War Room Weekly hosted by @TimMurtaugh with special guests @mercedesschlapp and @deneenborelli at 8:00 pm ET!‚Ä¶
1295034843361882113|2020-08-16 16:29:01|"RT @VFL2013: OH NO JOE... THIS AINT HAPPINESS IN YOUR HOME STATE OF DELAWARE IS IT!!!!!üá∫üá∏üá∫üá∏ü§£ü§£ü§£
THIS IS AMERICA!!!+"
1295034717876572162|2020-08-16 16:28:31|RT @DebiC37936: This is why we really love ‚Å¶@realDonaldTrump‚Å© ‚ù§Ô∏è https://t.co/HP7U7MvVJv
1295034403689824256|2020-08-16 16:27:17|RT @davegoodin1: @disposable13 @BrandonStraka @ScottPresler I totally agree!  These courageous young men are working so hard and doing so m‚Ä¶
1295034326246195202|2020-08-16 16:26:58|RT @RichardBerthol2: @disposable13 @BrandonStraka @ScottPresler Welcome aboard the Trump Trainüá∫üá∏
1295034280339537920|2020-08-16 16:26:47|RT @disposable13: @BrandonStraka @ScottPresler I was in the Marine Corps in the 1990s. There are plenty of gay Marine's nobody ever even ca‚Ä¶
1295033969323450369|2020-08-16 16:25:33|RT @youbetcha2020: @disposable13 @BrandonStraka @ScottPresler I just hope your registered as a Republican and are voting up and down the ti‚Ä¶
1295033969323450369|2020-08-16 16:25:33|RT @youbetcha2020: @disposable13 @BrandonStraka @ScottPresler I just hope your registered as a Republican and are voting up and down the ti‚Ä¶
1295033636350242818|2020-08-16 16:24:14|RT @BrandonStraka: Leave Democrat cities. Let them rot. The media and @TheDemocrats have activated this mental illness and it‚Äôs going to ge‚Ä¶
1294963594715697157|2020-08-16 11:45:54|RT @PressSec: Join President @realDonaldTrump as he watches Pastor Sam Rodriguez at New Season church at 8 am ET - https://t.co/teATUnotaC‚Ä¶
1294963563128328193|2020-08-16 11:45:47|RT @PressSec: From President @realDonaldTrump on the passing of his brother and best friend, Robert - ‚ÄúWe will meet again‚Äù: https://t.co/1m‚Ä¶
1295507087166857216|2020-08-17 23:45:33|She was fired because she was boring and never had what it took. Perhaps that has proven to be a mistake! https://t.co/48ieqGcHt2
1295504964379242498|2020-08-17 23:37:07|Why would @FoxNews put on phony Congresswoman @RepDebDingell. A total waste of airtime!
1295462969313120256|2020-08-17 20:50:15|NEW RECORD FOR NASDAQ!
1295454897689604097|2020-08-17 20:18:10|SAVE THE POST OFFICE!
1295454264412667904|2020-08-17 20:15:39|Why is Congress scheduled to meet (on Post Office) next Monday, during the Republican Convention, rather than now, while the Dems are having their Convention. They are always playing games. GET TOUGH REPUBLICANS!!!
1295452178010615808|2020-08-17 20:07:22|Great division between the Bernie Sanders crowd and the other Radical Lefties. Our Country would be destroyed!
1295429559127429120|2020-08-17 18:37:29|Just landed in Mankato, Minnesota!
1295428543359287296|2020-08-17 18:33:27|Just approved (and fast) the FULL Emergency Declaration for the Great State of Iowa. They got hit hard by record setting winds. Thank you to @SenJoniErnst, @ChuckGrassley, and Governor Kim Reynolds.
1295407324086128641|2020-08-17 17:09:08|What‚Äôs with @CNN POLLS increasing me by 10 points in a short period of time. Maybe they want to take over from @FoxNews!
1295407319694680066|2020-08-17 17:09:07|Getting ready to land in Minneapolis. Our great National Guard saved the city from further destruction. Should have been called up sooner by local government!
1295407319694680066|2020-08-17 17:09:07|Getting ready to land in Minneapolis. Our great National Guard saved the city from further destruction. Should have been called up sooner by local government!
1295396978482802691|2020-08-17 16:28:01|The U.S. Post Office (System) has been failing for many decades. We simply want to MAKE THE POST OFFICE GREAT AGAIN, while at the same time saving billions of dollars a year for American Taxpayers. Dems don‚Äôt have a clue! @USPostOffice911
1295385113862090753|2020-08-17 15:40:52|Some states use ‚Äúdrop boxes‚Äù for the collection of Universal Mail-In Ballots. So who is going to ‚Äúcollect‚Äù the Ballots, and what might be done to them prior to tabulation? A Rigged Election? So bad for our Country. Only Absentee Ballots acceptable!
1295320924938481667|2020-08-17 11:25:49|Will be interviewed on @foxandfriends this morning at 8:00 A.M. Enjoy!
1295171444629032960|2020-08-17 01:31:50|"RT @EricTrump: .@realDonaldTrump Boat Parade today in Clearwater, Florida!!!!!

üá∫üá∏üá∫üá∏üá∫üá∏ https://t.co/6eH36UPsL4"
1295171314886627330|2020-08-17 01:31:19|RT @nypost: Kamala Harris reportedly owes $1M in bills from failed presidential run https://t.co/RE8Z6gzgQB https://t.co/Ea3ldU5FfG
1295171196972130305|2020-08-17 01:30:51|RT @realDonaldTrump: Vote for TRUMP on November 3rd. I am going to bring our beloved New York back!
1295171128810524674|2020-08-17 01:30:34|"RT @EricTrump: Durham probe: Ex-FBI lawyer to plead guilty in first criminal case arising from review, sources say | Fox News https://t.co/‚Ä¶"
1295171059776401408|2020-08-17 01:30:18|RT @EricTrump: This says it all. Our Mayor can play arts and crafts in front of Trump Tower but he can‚Äôt shine the Tribute Light Memorial a‚Ä¶
1295170956005122050|2020-08-17 01:29:53|RT @realDonaldTrump: Thank you James. Sadly, you are 100% correct!!!
1295170852191952902|2020-08-17 01:29:28|RT @bennyjohnson: TRUMP: ‚ÄúIf stupid people aren‚Äôt elected next year, we‚Äôre going to have one of the greatest years that we‚Äôve ever had.‚Äù ht‚Ä¶
1295170670968606721|2020-08-17 01:28:45|RT @GOPChairwoman: President @realDonaldTrump continues to enjoy a record enthusiasm advantage over Biden, and Republicans are now outpacin‚Ä¶
1295170575212609545|2020-08-17 01:28:22|RT @TeamTrump: Senior Advisor @JaredKushner: Israel-UAE deal is ‚Äúthe culmination of three and a half years of incredible diplomacy by Presi‚Ä¶
1295170533265465347|2020-08-17 01:28:12|RT @TeamTrump: Senior Advisor @JaredKushner on moving U.S. embassy to Jerusalem: President @realDonaldTrump believes in keeping his promise‚Ä¶
1295170491628630022|2020-08-17 01:28:02|RT @TeamTrump: Senior Advisor @JaredKushner: President @realDonaldTrump opposes universal mail-in-voting because he wants a fair election h‚Ä¶
1295170430874136576|2020-08-17 01:27:48|RT @WhiteHouse: President @realDonaldTrump has mobilized his Administration to address barriers to women's full economic empowerment around‚Ä¶
1295170362326556676|2020-08-17 01:27:32|RT @MarkMeadows: It is NONSENSE to say @realDonaldTrump is undercutting the Postal Service. I know. I oversaw USPS in Congress on the Overs‚Ä¶
1295170294718566401|2020-08-17 01:27:16|"RT @GOPChairwoman: .@jaredkushner is spot on.
 
‚ÄúDr. Fauci said this week that there should be no fear for people to go out and vote in per‚Ä¶"
1295170002644017154|2020-08-17 01:26:06|RT @WhiteHouse: This breakthrough was made possible by President @realDonaldTrump‚Äôs leadership‚Äîand it provides a foundation for further adv‚Ä¶
1295167656501403649|2020-08-17 01:16:47|RT @MarkCongressGA7: Today‚Äôs PGA Tour Winner, 42- year old Jim Herman credits President Donald Trump for 'little bit of good luck' at this‚Ä¶
1295167656501403649|2020-08-17 01:16:47|RT @MarkCongressGA7: Today‚Äôs PGA Tour Winner, 42- year old Jim Herman credits President Donald Trump for 'little bit of good luck' at this‚Ä¶
1295167020951056384|2020-08-17 01:14:15|Great going Jim. Proud of you! https://t.co/jaJBVm1TlR
1295166547489587201|2020-08-17 01:12:22|RT @robjh1: The liberal media &amp; Dems don‚Äôt want the election called the night of the election. They want a few extra days to massage the nu‚Ä¶
1295165314838257669|2020-08-17 01:07:28|"RT @Jamierodr14: Epic!

The Patriots of Hawaii are Standing Up &amp; Raising their Voices in this Blue State! 

The Silent Majority isn‚Äôt Silen‚Ä¶"
1295165122974015495|2020-08-17 01:06:42|Law and Order. If @NYCMayor can‚Äôt do it, we will! https://t.co/N88GX9Rkc9
1295164576389095425|2020-08-17 01:04:32|"RT @DGPurser: Antifa attends Sturgis.

I couldn't tell for sure but it looked like maybe a half-dozen Antifa?

The ratio of Trump supporter‚Ä¶"
1295164222062690305|2020-08-17 01:03:08|"RT @DGPurser: More lies about ""Vote by mail"".

This is nothing but a Democrat attempt to cheat and STEAL this election.

Nothing they say a‚Ä¶"
1295164084409769984|2020-08-17 01:02:35|RT @robert_spalding: Do you think the WSJ understands this?
1295163721338228738|2020-08-17 01:01:08|"RT @CaliConserv1: Hey California,

Are you ready to vote for Trump in November?"
1295163454953840640|2020-08-17 01:00:05|"RT @Peoples_Pundit: Told you guys she was not only unpopular, but very unpopular historically.

Okay. Going back to enjoying the last day I‚Ä¶"
1295163188229607431|2020-08-17 00:59:01|RT @steph93065: How is this video not everywhere?  https://t.co/Zca0BlgaBm
1295867179586465797|2020-08-18 23:36:26|"RT @kimKBaltimore: Democrats don‚Äôt want you to see this.

They‚Äôre scared that I‚Äôm exposing what life is like in Democrat run cities.

That‚Äô‚Ä¶"
1295855291523723264|2020-08-18 22:49:11|.@Amazon, and others in that business, should be charged (by the U.S. Postal System) much more per package, and the Post Office would be immediately brought back to ‚Äúgood health‚Äù, now vibrant, with ALL jobs saved. No pass on to customers. Get it done!
1295835227982573569|2020-08-18 21:29:28|https://t.co/IOpfnL4u7r
1295792202526973952|2020-08-18 18:38:30|...Meanwhile, I gave America energy independence in fact, so much energy we could never use it all. The Bernie/Biden/AOC Green New Deal plan would take California‚Äôs failed policies to every American!
1295792201134256129|2020-08-18 18:38:30|In California, Democrats have intentionally implemented rolling blackouts ‚Äî forcing Americans in the dark. Democrats are unable to keep up with energy demand...
1295780444642959362|2020-08-18 17:51:47|RT @KimReynoldsIA: Thank you for being here President @realDonaldTrump! Appreciate the strong partnership from you and the entire team. #De‚Ä¶
1295778045719191555|2020-08-18 17:42:15|https://t.co/p8ym8S2d5o
1295778045719191555|2020-08-18 17:42:15|https://t.co/p8ym8S2d5o
1295777044765143040|2020-08-18 17:38:16|The Democrats have to start enforcing Law and Order in their cities and states. New York City, Chicago and Portland are a total DISASTER!
1295775212408131585|2020-08-18 17:30:59|https://t.co/6dN0Ib4Nto
1295775108238389251|2020-08-18 17:30:34|RT @WhiteHouse: LIVE: President @realDonaldTrump participates in Iowa disaster recovery briefing https://t.co/503L3jzlLX
1295775103192621057|2020-08-18 17:30:33|RT @ChuckGrassley: Waiting to brief President Trump on Iowa‚Äôs derecho devastation @ Cedar Rapids, Iowa https://t.co/CPAUxV3gRI
1295756046976167944|2020-08-18 16:14:50|RT @realDonaldTrump: A proposal by Pentagon officials to slash Military Healthcare by $2.2 billion dollars has been firmly and totally reje‚Ä¶
1295744066466934784|2020-08-18 15:27:13|People forget how divided our Country was under ObamaBiden. The anger and hatred were unbelievable. They shouldn‚Äôt be lecturing to us. I‚Äôm here, as your President, because of them!
1295726834865274880|2020-08-18 14:18:45|A horrible Governor. Crime is taking over NYC &amp; State, everyone is leaving. He is after the NRA - They should move to Texas or elsewhere, and must get tough. Cuomo killed 11,000 people in nursing homes alone. Crooked &amp; Incompetent! https://t.co/d4hZDAvdWo
1295702666903945217|2020-08-18 12:42:43|John Kasich did a bad job in Ohio, ran for President and was easy to beat, and now went to the other side desperate for relevance. Good Job by Chris C in exposing yet another loser! https://t.co/WZw2U7lcrf
1295699653753745408|2020-08-18 12:30:45|Many thousands of people work for our government. With that said, a former DISGRUNTLED EMPLOYEE named Miles Taylor, who I do not know (never heard of him), said he left &amp; is on the open arms Fake News circuit. Said to be a real ‚Äústiff‚Äù. They will take anyone against us!
1295680975184310272|2020-08-18 11:16:31|The ObamaBiden Administration was the most corrupt in history, including the fact that they got caught SPYING ON MY CAMPAIGN, the biggest political scandal in the history of our Country. It‚Äôs called Treason, and more. Thanks for your very kind words Michelle!
1295679412365594625|2020-08-18 11:10:19|Looking back into history, the response by the ObamaBiden team to the H1N1 Swine Flu was considered a weak and pathetic one. Check out the polling, it‚Äôs really bad. The big difference is that they got a free pass from the Corrupt Fake News Media!
1295677038301523968|2020-08-18 11:00:53|....My Administration and I built the greatest economy in history, of any country, turned it off, saved millions of lives, and now am building an even greater economy than it was before. Jobs are flowing, NASDAQ is already at a record high, the rest to follow. Sit back &amp; watch!
1295677035466162177|2020-08-18 11:00:52|Somebody please explain to @MichelleObama that Donald J. Trump would not be here, in the beautiful White House, if it weren‚Äôt for the job done by your husband, Barack Obama. Biden was merely an afterthought, a good reason for that very late &amp;  unenthusiastic endorsement.....
1295569697866473473|2020-08-18 03:54:21|Thank you. Will never let you down! https://t.co/9iB33QFliK
1295569483478827012|2020-08-18 03:53:30|RT @AndrewCMcCarthy: In my Friday evening @NRO Corner column on Clinesmith‚Äôs Russiagate guilty plea, some memories of the Schiff Memo and t‚Ä¶
1295568384499875842|2020-08-18 03:49:08|RT @MZHemingway: NPR, which was a co-conspirator in the Russia collusion hoax, redefines Clinesmith pleading guilty to falsifying evidence‚Ä¶
1295568160792485888|2020-08-18 03:48:14|RT @rkylesmith: The Russia-Obsessed Media Does Its Best to Ignore Clinesmith‚Äôs Guilty Plea https://t.co/VWdoIyXZy1
1295568080639270914|2020-08-18 03:47:55|"RT @DavidBahnsen: PREVIEW TODAY'S #COVID19 &amp; #Markets MISSIVE: 
Arizona has beaten COVID &amp; is back to pre-summer levels. Where is the media‚Ä¶"
1295567631211208704|2020-08-18 03:46:08|"RT @CronkiteSays: AND THAT‚ÄôS THE WAY IT IS...
Thousands of Seattle Democrats gather to demand mail-in voting because it‚Äôs too dangerous to‚Ä¶"
1295567631211208704|2020-08-18 03:46:08|"RT @CronkiteSays: AND THAT‚ÄôS THE WAY IT IS...
Thousands of Seattle Democrats gather to demand mail-in voting because it‚Äôs too dangerous to‚Ä¶"
1295565956119494660|2020-08-18 03:39:29|RT @billscher: Michael Moore, just now on MSNBC, said he was ‚Äúshocked‚Äù that Biden didn‚Äôt ‚Äúswing to the right‚Äù and pick Susan Rice, and inst‚Ä¶
1295565798380011521|2020-08-18 03:38:51|RT @rkylesmith: No, the Postal Service Isn‚Äôt Stealing the Election https://t.co/Qp3zNkIGT7
1295565618738016256|2020-08-18 03:38:08|RT @Heminator: Democrats should be deeply embarrassed that their leadership has embraced conspiratorial claims about the USPS. https://t.co‚Ä¶
1295565226524528640|2020-08-18 03:36:35|"RT @StriderElass: Coumo ""Our way worked in New York"" Seriously?!?! I don't want any part of that way... https://t.co/110hANCGVp"
1295565074820718592|2020-08-18 03:35:58|RT @rkylesmith: Hey @NYGovCuomo did Donald Trump make you keep  schools open as long as you did? Did Trump make you keep the subways open w‚Ä¶
1295564982139129856|2020-08-18 03:35:36|"RT @continetti: Where did this guy go?

‚ÄòHe Has Delivered for New York': Cuomo Praises Trump's Coronavirus Response https://t.co/jV8MCLP59K"
1295564612495183878|2020-08-18 03:34:08|RT @SteveGuest: Andrew Cuomo's ego trip continues: He gave a 5 minute speech and didn‚Äôt mention Joe Biden until last 20 seconds or so.
1295564569348378624|2020-08-18 03:33:58|"RT @AZachParkinson: Insane

Biden praises Cuomo's ""leadership,"" as his state is first in the nation in coronavirus deaths and second in dea‚Ä¶"
1295564519058608129|2020-08-18 03:33:46|"RT @AZachParkinson: Yes, the DNC just featured a registered foreign lobbyist for Russia as one of its speakers

https://t.co/sFDanRyOjX htt‚Ä¶"
1295564425282322433|2020-08-18 03:33:24|RT @TrumpWarRoom: Here's John Kasich calling Joe Biden a liar in 2012. #DemConvention https://t.co/ep8eUQUHal
1295564302129213445|2020-08-18 03:32:54|"RT @TrumpWarRoom: Susan Molinari was a lobbyist for Russia.

Now she thinks Joe Biden should be president. https://t.co/jqsutuReTf #DemConv‚Ä¶"
1295563839157800960|2020-08-18 03:31:04|RT @mattdizwhitlock: Oh my gosh Cuomo doing a victory lap after the most outrageous mishandling of COVID in the country is just so gross.‚Ä¶
1295562941350195201|2020-08-18 03:27:30|"RT @AndrewHClark: Cuomo mismanaged New York's coronavirus response. 

Tens of thousands in nursing homes unnecessarily died, and his arroga‚Ä¶"
1295562738400362497|2020-08-18 03:26:41|Now AP estimates that the real Cuomo number of people killed because of his total incompetence is 11,000, not the 6000 that was originally thought!
1295559971313201153|2020-08-18 03:15:42|"RT @TrumpWarRoom: NY Governor Andrew Cuomo on President Trump's response to the coronavirus:

He ‚Äúhas been responsive to New York and respo‚Ä¶"
1295558474341003267|2020-08-18 03:09:45|RT @MichaelRCaputo: Does the #DemConvention know @NYGovCuomo forced nursing homes across NY to take in COVID positive patients and planted‚Ä¶
1295557963516698624|2020-08-18 03:07:43|Cuomo, just like his brother Fredo, has not got a very good memory! https://t.co/H8J0RjNlvb
1295557495897948160|2020-08-18 03:05:51|RT @MelissaAFrancis: (@NYGovCuomo is responsible for thousands and thousands of nursing home deaths. An estimated one million people have m‚Ä¶
1295557479582007296|2020-08-18 03:05:48|"RT @TrumpWarRoom: Democrats and the media are covering up Andrew Cuomo‚Äôs coronavirus failures. 

His mismanagement was deadly, especially f‚Ä¶"
1295557479582007296|2020-08-18 03:05:48|"RT @TrumpWarRoom: Democrats and the media are covering up Andrew Cuomo‚Äôs coronavirus failures. 

His mismanagement was deadly, especially f‚Ä¶"
1295556806840811522|2020-08-18 03:03:07|"RT @LindseyGrahamSC: In Case You Missed It @JohnKasich 

President @realdonaldTrump has:

‚ñ∂Ô∏è Appointed and the Senate has confirmed over 20‚Ä¶"
1295556790181146626|2020-08-18 03:03:03|"RT @LindseyGrahamSC: ‚ñ∂Ô∏è Negotiated peace agreement between UAE and Israel.

‚ñ∂Ô∏è Stood up to China.

‚ñ∂Ô∏è Stopped caravans from Central America‚Ä¶"
1295556770430160897|2020-08-18 03:02:59|"RT @LindseyGrahamSC: I‚Äôm sure I‚Äôve left out many other things‚Ä¶.but not a bad first term. 

Unlike John Kasich I believe we are on the right‚Ä¶"
1295556632387235840|2020-08-18 03:02:26|RT @LindseyGrahamSC: My view of what life was like after the Obama presidency is much different than that of @MichelleObama...
1295556620060168207|2020-08-18 03:02:23|RT @LindseyGrahamSC: I remember a slow-growth economy, a weakened military, ISIS raging, Iran emboldened, China eating our lunch, businesse‚Ä¶
1295548611699322882|2020-08-18 02:30:33|A proposal by Pentagon officials to slash Military Healthcare by $2.2 billion dollars has been firmly and totally rejected by me. We will do nothing to hurt our great Military professionals &amp; heroes as long as I am your President. Thank you!
1296219101623459841|2020-08-19 22:54:51|Welcome, Barack and Crooked Hillary. See you on the field of battle! https://t.co/ZrTKXcc6aU
1296218224170864641|2020-08-19 22:51:21|https://t.co/gwfT7f7bLL
1296203972252966913|2020-08-19 21:54:43|RT @WhiteHouse: LIVE: President @realDonaldTrump holds a news conference https://t.co/kC6Zkg64SH
1296198517573201923|2020-08-19 21:33:03|Will be having a Press Conference at 5:45 P.M. See you in 15 minutes!
1296104752284082176|2020-08-19 15:20:28|Why are Republicans allowing the Democrats to have ridiculous Post Office hearings on Saturday &amp; Monday, just before and during our Convention. Let them hold them NOW (during their Convention) or after our Convention is over. Always playing right into their hands! @senatemajldr
1296092859226042368|2020-08-19 14:33:12|Don‚Äôt buy GOODYEAR TIRES - They announced a BAN ON MAGA HATS. Get better tires for far less! (This is what the Radical Left Democrats do. Two can play the same game, and we have to start playing it now!).
1296092859226042368|2020-08-19 14:33:12|Don‚Äôt buy GOODYEAR TIRES - They announced a BAN ON MAGA HATS. Get better tires for far less! (This is what the Radical Left Democrats do. Two can play the same game, and we have to start playing it now!).
1296084723165470721|2020-08-19 14:00:52|With what I am doing in the fight with the Drug Companies, drug prices will be coming down 50, 60, and even 70 per cent. The Democrats are fighting hard to stop me with big ad buys, plus. Likewise, Big Pharma. FAVORED NATIONS AND REBATES ARE BRINGING PRICES DOWN NOW. We will win!
1296079095479050241|2020-08-19 13:38:31|IF YOU CAN PROTEST IN PERSON, YOU CAN VOTE IN PERSON!
1295949861041459201|2020-08-19 05:04:59|RT @Patrici15767099: Why Are These Democrats Talking About The Economy When They Know The Corona Virus Shut Down Caused The High Unemployme‚Ä¶
1295949708066783233|2020-08-19 05:04:22|RT @ArtValley818_: This patriot is definitely tired of being silent üëáüèºhttps://t.co/wWr5PPq7en
1295949601367891968|2020-08-19 05:03:57|RT @montaga: While you wasn‚Äôt paying attention!! It‚Äôs Justice Coming and the American Ppl sent Her!!!!! https://t.co/Y8HHa2LZvj
1295949191064301568|2020-08-19 05:02:19|RT @skb_sara: Joe Biden will leave his comfy patio with hanging plants for a photoshoot, yet won‚Äôt travel to the Democratic Convention &amp; ac‚Ä¶
1295948444146728962|2020-08-19 04:59:21|RT @skb_sara: On the #TrumpTrain.Put our #earlyvote in for #Trump. #Florida4Trump #GOP #tcot üá∫üá∏üá∫üá∏ @DanScavino https://t.co/fzIRPddA1z
1295948035483148288|2020-08-19 04:57:43|RT @MrMichaelBurkes: Raise your hand if you'll be voting straight Republican in 77 days like me!
1295947993594699776|2020-08-19 04:57:33|RT @MrMichaelBurkes: If you support President Trump then i support you. All Patriots matter! https://t.co/pgw3NduLT1
1295943677181927424|2020-08-19 04:40:24|‚ÄúSenate Intelligence Panel found absolutely no evidence of collusion. There was no evidence that the Trump campaign conspired with the Russian government to influence 2016, affirming the findings of other investigations.‚Äù Daily Caller
1295941701555687424|2020-08-19 04:32:33|Big win Matt! https://t.co/gpIg4dQ6FN
1295941461276532741|2020-08-19 04:31:36|"RT @mtgreenee: Congratulations to Laura Loomer on her primary win!  

Now Twitter should re-instate her account. @jack https://t.co/SlDPToC‚Ä¶"
1295941335120252929|2020-08-19 04:31:06|RT @BreitbartNews: Laura Loomer (R) has outcampaigned her primary opponents and claimed victory in Florida‚Äôs 21st Congressional District. h‚Ä¶
1295941296088141825|2020-08-19 04:30:57|RT @RaheemKassam: Laura Loomer Delivers Stunning Primary Victory in Trump‚Äôs Voting District https://t.co/0KSRLCeJyX
1295933109272219648|2020-08-19 03:58:25|She was a terrible A.G. Was she the leaker? https://t.co/uSlFYYU9O0
1295932138290917376|2020-08-19 03:54:33|Great going Laura. You have a great chance against a Pelosi puppet! https://t.co/pKZp35dUYr
1295931415725580288|2020-08-19 03:51:41|RT @RaheemKassam: Does he even know what is happening? https://t.co/W6ZbH1GFIr
1295930978582568963|2020-08-19 03:49:57|Kimberly will work with the Trump Administration and we will bring Baltimore back, and fast. Don‚Äôt blow it Baltimore, the Democrats have destroyed your city! https://t.co/PDdjgxbIHu
1295920309946777600|2020-08-19 03:07:33|Great WIN Anna! Watched your race from beginning, very impressed. Your next opponent, Charlie Crist, is a Pelosi puppet who is bad on Crime, our Military, Vets, &amp; 2nd Amendment. You have my Complete &amp; Total Endorsement! https://t.co/PLdW3VXNTI
1295920309946777600|2020-08-19 03:07:33|Great WIN Anna! Watched your race from beginning, very impressed. Your next opponent, Charlie Crist, is a Pelosi puppet who is bad on Crime, our Military, Vets, &amp; 2nd Amendment. You have my Complete &amp; Total Endorsement! https://t.co/PLdW3VXNTI
1295899629964259328|2020-08-19 01:45:23|"RT @PressSec: President @realDonaldTrump has DELIVERED for Arizona!

‚úÖ Over 580K N-95 masks
‚úÖ 670K surgical &amp; procedural masks
‚úÖ 660K eye &amp;‚Ä¶"
1295899521642188800|2020-08-19 01:44:57|"RT @TeamTrump: President @realDonaldTrump just signed his ABSENTEE BALLOT!

This is very different than universal mail-in ballots, which wo‚Ä¶"
1295899454638235650|2020-08-19 01:44:41|"RT @WhiteHouse: The derecho is ""basically a 40-mile-wide tornado that went through the state of Iowa,"" @IAGovernor Kim Reynolds explained‚Äîl‚Ä¶"
1295899396354093056|2020-08-19 01:44:27|"RT @WhiteHouse: Senator @ChuckGrassley to President @realDonaldTrump: ""We thank you."" https://t.co/ifDXLoaD2r"
1295899226874851328|2020-08-19 01:43:46|RT @Mike_Pence: The month of July has brought blowout numbers for New Residential Construction. Housing Starts surged 22.6% which is 23.4%‚Ä¶
1295899187029012481|2020-08-19 01:43:37|RT @EricTrump: If you want to help @realDonaldTrump win this election, volunteer now! Join the Trump Team! Download the Trump app and come‚Ä¶
1295899138408628224|2020-08-19 01:43:25|RT @WhiteHouse: President @realDonaldTrump's trip to Arizona will highlight the hundreds of miles of border wall system completed‚Äîand how e‚Ä¶
1295899021085519872|2020-08-19 01:42:57|RT @WhiteHouse: President @realDonaldTrump is mobilizing America's full industrial power to make sure our medical workers and first respond‚Ä¶
1295898856480071680|2020-08-19 01:42:18|RT @TeamTrump: President @realDonaldTrump is in Yuma, Arizona to proudly accept the endorsement of the National Border Patrol Council! http‚Ä¶
1295898808824369152|2020-08-19 01:42:07|RT @WhiteHouse: As America celebrates the 100th anniversary of the 19th Amendment‚Äîalso known as the Susan B. Anthony Amendment‚ÄîPresident @r‚Ä¶
1295898747776274433|2020-08-19 01:41:52|RT @TeamTrump: President @realDonaldTrump: ‚ÄúJoe Biden is the puppet of a Radical Left wing movement that seeks the complete elimination of‚Ä¶
1295898596529692672|2020-08-19 01:41:16|"RT @TeamTrump: President @realDonaldTrump: Socialism is the mainstream of the Biden campaign, but ""we will never have a socialist country!""‚Ä¶"
1295898556407005184|2020-08-19 01:41:07|RT @TeamTrump: President @realDonaldTrump: Joe Biden allowed illegal migration and crime to pour through our borders unchecked for decades‚Ä¶
1295898518855401472|2020-08-19 01:40:58|RT @TeamTrump: President @realDonaldTrump: Here in Yuma, Arizona, we've invested over $1.7 billion and poured 180,000 cubic yards of concre‚Ä¶
1295898456439971840|2020-08-19 01:40:43|RT @TeamTrump: President @realDonaldTrump: ‚ÄúUnder the Trump Administration, if you cross our border illegally, you are quickly apprehended‚Ä¶
1295897780326522881|2020-08-19 01:38:02|RT @WhiteHouse: This morning, President @realDonaldTrump was joined by @FLOTUS, @SBAJovita, and more as he signed a proclamation in honor o‚Ä¶
1295897125507670017|2020-08-19 01:35:25|Tell the Dems that we have more Cases because we do FAR more Testing than any other Country!
1295877171001491456|2020-08-19 00:16:08|RT @MarkDice: Colin Powell is a Neocon WMD hoaxer, so of course he's appearing at the #DemConvention to endorse Establishment's puppet and‚Ä¶
